<object-stream>
  <sample.FloorLinkedList>
    <FloorHead>
      <next>
        <contents>
          <floorNum>1</floorNum>
          <floorSecurityLevel>LOW</floorSecurityLevel>
          <floorTemperature>25</floorTemperature>
        </contents>
        <ALL>
          <aisleHead>
            <next>
              <contents>
                <aisleId>A1</aisleId>
                <aisleWidth>1</aisleWidth>
                <aisleDepth>12</aisleDepth>
              </contents>
              <SLL>
                <shelfHead>
                  <next>
                    <contents>
                      <shelfNumber>1</shelfNumber>
                    </contents>
                    <PLL>
                      <palletHead>
                        <contents>
                          <description>a</description>
                          <palletValue>&lt;$1000</palletValue>
                          <minTemp>24</minTemp>
                          <maxTemp>25</maxTemp>
                          <quantity>23</quantity>
                        </contents>
                      </palletHead>
                    </PLL>
                  </next>
                  <contents>
                    <shelfNumber>2</shelfNumber>
                  </contents>
                  <PLL>
                    <palletHead>
                      <contents>
                        <description>b</description>
                        <palletValue>&lt;$1000</palletValue>
                        <minTemp>24</minTemp>
                        <maxTemp>25</maxTemp>
                        <quantity>23</quantity>
                      </contents>
                    </palletHead>
                  </PLL>
                </shelfHead>
              </SLL>
            </next>
            <contents>
              <aisleId>B1</aisleId>
              <aisleWidth>1</aisleWidth>
              <aisleDepth>12</aisleDepth>
            </contents>
            <SLL>
              <shelfHead>
                <next>
                  <contents>
                    <shelfNumber>1</shelfNumber>
                  </contents>
                  <PLL>
                    <palletHead>
                      <contents>
                        <description>c</description>
                        <palletValue>&lt;$1000</palletValue>
                        <minTemp>24</minTemp>
                        <maxTemp>25</maxTemp>
                        <quantity>23</quantity>
                      </contents>
                    </palletHead>
                  </PLL>
                </next>
                <contents>
                  <shelfNumber>2</shelfNumber>
                </contents>
                <PLL>
                  <palletHead>
                    <contents>
                      <description>d</description>
                      <palletValue>&lt;$1000</palletValue>
                      <minTemp>24</minTemp>
                      <maxTemp>25</maxTemp>
                      <quantity>23</quantity>
                    </contents>
                  </palletHead>
                </PLL>
              </shelfHead>
            </SLL>
          </aisleHead>
        </ALL>
      </next>
      <contents>
        <floorNum>2</floorNum>
        <floorSecurityLevel>LOW</floorSecurityLevel>
        <floorTemperature>25</floorTemperature>
      </contents>
      <ALL>
        <aisleHead>
          <contents>
            <aisleId>D1</aisleId>
            <aisleWidth>1</aisleWidth>
            <aisleDepth>12</aisleDepth>
          </contents>
          <SLL>
            <shelfHead>
              <contents>
                <shelfNumber>1</shelfNumber>
              </contents>
              <PLL>
                <palletHead>
                  <contents>
                    <description>e</description>
                    <palletValue>&lt;$1000</palletValue>
                    <minTemp>24</minTemp>
                    <maxTemp>25</maxTemp>
                    <quantity>23</quantity>
                  </contents>
                </palletHead>
              </PLL>
            </shelfHead>
          </SLL>
        </aisleHead>
      </ALL>
    </FloorHead>
  </sample.FloorLinkedList>
</object-stream>